,id,name,comment_karma,created_utc,has_verified_email,is_employee,is_mod,is_gold
0,7mi010hq,davetowers646,102973,1611870178.0,True,False,False,False
1,6gqsv2kg,justiceforall1000000,2736,1589368452.0,True,False,False,True
2,7uw36,concreteorange,6168,1338479498.0,True,False,False,False
3,67mp0dbk,Snoo5218,1302,1593199839.0,True,False,False,True
4,2fuzd5y2,Master1718,26845,1539957094.0,True,False,True,True
5,7kv82ty4,buttered_t0asties,7796,1596687717.0,True,False,True,False
6,lhbufwj0,ryanspencer2022,215,1648977863.0,True,False,False,False
7,dc9almmq,Clean_Pizza_7067,600,1626447274.0,True,False,False,False
8,70vs2,8bitben,2207,1330282828.0,True,False,True,False
9,e7ep4,misterdhm,9912,1386192978.0,True,False,False,False
10,72wwbmto,demonslayer14codm,838,1593313385.0,True,False,True,True
11,15yb44,thegrishch,1557,1488776881.0,True,False,False,False
12,383k1f56,l3ntil,7085,1562646572.0,True,False,False,False
13,lgc0qb7o,AnyOrderlopy,24,1648920705.0,True,False,False,False
14,3yh2swwf,Thedrp8,3562,1579289561.0,True,False,False,False
15,jhs2p,StaplesSnitch,411,1416541912.0,False,False,False,False
16,i43tolhy,Uroseus,2336,1641761617.0,True,False,False,False
17,2dvmtejm,Applehead0,87,1603296873.0,True,False,False,False
18,7ulz3eg4,plantdrew3,1988,1598380195.0,True,False,False,False
19,jjqqrkb7,tce2524,1,1644484085.0,True,False,False,False
20,jp9yrmsx,qwertyuiopisthebest1,49,1646184962.0,True,False,True,False
21,dt79s4ll,OkDifficulty9289,248,1628505578.0,True,False,False,False
22,58lobe92,naissas,4,1576519554.0,True,False,False,False
23,7uw36,concreteorange,6168,1338479498.0,True,False,False,False
24,6yjdy1a9,Meh_is_what_it_is,7610,1599755606.0,False,False,False,False
25,e5e47kn,spencerrollins,141,1513563269.0,True,False,False,False
26,149ac0,Shaneblaster,352308,1483890740.0,True,False,False,True
27,lgpvo9a6,Luci_bil_21,0,1648939612.0,True,False,False,False
28,4d3e769u,samplestiltskin_,144870,1573076006.0,True,False,False,True
29,bhzat65j,CherriBomber,13136,1618261286.0,True,False,False,False
30,srrfp,Fornicatron,2352,1449581620.0,True,False,False,False
31,29pwoz2t,MrC_Red,28320,1537676451.0,True,False,False,True
32,koz0j3cp,Comissar-Sam,5216,1647254032.0,True,False,True,False
33,2uwit82z,chrisdh79,207531,1547327024.0,True,False,True,True
34,sxdn6,jaspermuts,2142,1450038924.0,True,False,False,False
35,zt5thv6,AlarmedEggplant,2699,1539400837.0,True,False,False,False
36,6f14nxhj,Madessi,50,1601127924.0,True,False,False,False
37,e1ighaup,Kitsucu,2,1630955186.0,True,False,False,False
38,4sph8r5l,choc701,11,1590002689.0,True,False,True,False
39,44hdhgg3,chris674213,16,1562770629.0,True,False,True,False
40,j8r58,nameless_thirteenth,21502,1415339096.0,True,False,False,False
41,jde6ga0l,jpowdel,4724,1644034834.0,False,False,False,False
42,7mi010hq,davetowers646,102979,1611870178.0,True,False,False,False
43,yftqt,mishas_magics_dices,130,1465009521.0,True,False,False,True
44,5vz8bv2g,pumpkinmum,2533,1638373026.0,True,False,False,False
45,7d9cjkk,inmoon,10,1507369681.0,True,False,True,False
46,88tc70h3,Severe-Draw-5979,58247,1602870737.0,True,False,True,True
47,i5y5eyum,PeasKhichra,39366,1641111894.0,True,False,False,True
48,9qwktnu1,Themusicison,17754,1613243008.0,True,False,False,False
49,zaeg13e,fuckedinthe_a,546,1519868760.0,True,False,False,False
50,brb21qlw,Ichi_KingGhidorah,28508,1619369025.0,True,False,True,False
51,10jhqb,Cobra-D,68780,1471286151.0,True,False,False,False
52,cx7uvshp,ybbetterr,10050,1625921609.0,True,False,False,False
53,kqp48tea,No_Record_Anon,995,1647357149.0,True,False,False,False
54,lrvjehb3,Tostitonator30,0,1649599955.0,True,False,False,False
55,3lkw2dje,GlobalSweet,37833,1555255899.0,True,False,False,False
56,2ty1t,oliveskate,3654,1190858114.0,True,False,True,False
57,elwqbhya,Alivia_mf,252,1631946522.0,True,False,False,False
58,3h3ewkth,BajuKoyak,392,1628079311.0,True,False,False,False
59,dggsggyh,delusionsheeep,10804,1626966178.0,True,False,True,True
60,k1owzsc4,Cr1ticalRatTheory,0,1645749506.0,True,False,False,False
61,3oa5f8h4,mitosisforlife2,582,1556390029.0,True,False,False,False
62,fk8dhydq,B-L-O-C-K-S,149488,1634437404.0,True,False,True,True
63,10jhqb,Cobra-D,68781,1471286151.0,True,False,False,False
64,nolj6u3,imflukeskywalker,57606,1512839274.0,True,False,False,True
65,7q7srt1u,ExcuseMeWTF50,16698,1597554547.0,True,False,True,False
66,3gwc8ac5,wanderai,2225,1553390539.0,True,False,False,False
67,2eugte0m,idio312,6,1553888096.0,True,False,True,False
68,ebzduodg,cr1ptoden,0,1650324153.0,False,False,False,False
69,7y15a5ro,TheGuvnor247,62566,1599320419.0,True,False,True,True
70,99p5m59t,Wrong_Guitar777,7575,1608768499.0,True,False,False,False
71,5xig5615,ItsMehRuby,4085,1584278104.0,True,False,False,False
72,cg7c7817,wurrungmg,70,1622495413.0,False,False,False,False
73,m34z12y5,EfficientMarketing80,0,1650286585.0,False,False,False,False
74,9fbdd7z8,Bunny_Terror,6385,1608496742.0,True,False,True,False
75,4387djli,MrFuckingDinkles,133948,1562388722.0,True,False,True,True
76,jux8ekvk,Stretch810,780,1645283977.0,True,False,True,False
77,1vxhyb2n,Kitchen_Apartment,9774,1550958820.0,True,False,False,False
78,i43tolhy,Uroseus,2466,1641761617.0,True,False,False,False
79,9m806ess,DontCallMeFrancisToo,239,1643029661.0,False,False,False,False
80,88tc70h3,Severe-Draw-5979,58287,1602870737.0,True,False,True,True
81,6j1cbnw9,TheBravan,1839,1589974329.0,True,False,False,False
82,86rj0,ngoni,176658,1341122040.0,True,False,True,False
83,ev8mq1pk,BlakeMillie,1,1632718828.0,True,False,False,False
84,loh2nvjk,unw0rldly,0,1649380523.0,True,False,False,False
85,177csxen,n00n2003,59,1523829020.0,True,False,False,False
86,ls5ly4wk,rosegarden82021,0,1649614192.0,False,False,False,False
87,el3e974,t2thev,568,1506010798.0,True,False,False,False
88,az4sfucl,Commercial_Beyond_71,5,1616021339.0,True,False,False,False
89,el3e974,t2thev,568,1506010798.0,True,False,False,False
90,cc8j6xp4,sonalibelle,1053,1630116456.0,True,False,True,True
91,175lpk3j,Minneapolitanian,35281,1523807624.0,True,False,False,True
92,e8lv8zwu,BlackScholesSun,12130,1639356947.0,True,False,False,False
93,1ryfznuz,BlanketMage,4967,1531615162.0,True,False,True,False
94,qjf1wy1,jobsinanywhere,16,1514922912.0,True,False,True,False
95,61s6o,killerkat,158,1318707033.0,True,False,True,False
96,110zzg,RORANGESS,722,1472596222.0,True,False,False,False
97,55zfywuk,beansjustfarted,170,1581541146.0,True,False,False,False
98,3amgz1qu,random_gurl123,24860,1551088450.0,False,False,False,False
99,9g49rbz2,Pony_Nation,699,1608625393.0,True,False,True,False
100,dwdmcdg8,TommyThaJobber,2332,1629322378.0,True,False,False,False
101,70vs2,8bitben,2207,1330282828.0,True,False,True,False
102,ewpmhw25,ObjectiveNo821,4293,1632824846.0,True,False,False,True
103,1k7bz7l,FabrizioR8,466,1542737747.0,True,False,False,False
104,zsv1p,CampsG,7057,1469470884.0,True,False,False,False
105,elwqbhya,Alivia_mf,252,1631946522.0,True,False,False,False
106,6j1cbnw9,TheBravan,1839,1589974329.0,True,False,False,False
107,lkuub48q,riftercraft1,3,1649168654.0,True,False,False,False
108,3mu4fy9j,NASCAR_DilPickles,793,1592882353.0,False,False,True,False
109,e8cdj,utristen1,1438,1386349662.0,True,False,False,False
110,eh5q8ayf,esarkay97,6,1631383936.0,True,False,False,False
111,drm4pcyv,RonTheRatKing,9299,1628332424.0,True,False,True,False
112,6j1cbnw9,TheBravan,1839,1589974329.0,True,False,False,False
113,izp1a5fa,Legendaryender,6,1643071307.0,True,False,False,False
114,i43tolhy,Uroseus,2547,1641761617.0,True,False,False,False
115,blgi66ea,I-Know-What-To-Do,1976,1618666581.0,True,False,True,False
116,3zld0sdf,jermlol1,390,1561188608.0,True,False,False,False
117,koz0j3cp,Comissar-Sam,5227,1647254032.0,True,False,True,False
118,5ppkja08,Danasara33,10907,1581990943.0,True,False,False,False
119,463q9r4b,Gtemall,3670,1563324830.0,True,False,True,False
120,8lwes6bd,Comprehensive_Gas977,25251,1605885085.0,True,False,False,False
121,jdyt9,tjnson,-1,1416157040.0,True,False,False,False
122,6dfq2flu,yeahright2005,235,1588520539.0,True,False,False,False
123,136ude,OxydBCN,1253,1480463130.0,True,False,False,False
124,9n7qig8t,Delicious-Whole-6391,14328,1609723764.0,True,False,False,False
125,6nexi649,MavDrake,35449,1591120085.0,True,False,False,True
126,amboe4pe,ThetaGang_wsb,2931,1614483899.0,True,False,True,True
127,8x078lci,Effective-Wonder-45,303,1629883233.0,True,False,False,False
128,9gmiwq8i,justafanofmanythings,7,1608709644.0,True,False,False,False
129,i43tolhy,Uroseus,2596,1641761617.0,True,False,False,False
130,8ipayntz,yassine_er,6140,1602950746.0,True,False,False,False
131,9g49rbz2,Pony_Nation,699,1608625393.0,True,False,True,False
132,a23sd1x,Gnubay,144,1502389820.0,True,False,True,False
133,zef5gjw,Horny4theEnvironment,62347,1519932425.0,True,False,False,False
134,amboe4pe,ThetaGang_wsb,2931,1614483899.0,True,False,True,True
135,50h8x9qv,Welcome2Broncoland,12168,1573685603.0,True,False,False,False
136,3vkbqkhk,horseshoeoverlook,133351,1559485593.0,True,False,False,True
137,5u08zavb,PatientModBot,0,1583200426.0,True,False,True,False
138,ljr5z,Peoerson,3053,1424726399.0,True,False,False,False
139,ilns45mm,curiosity171,2,1644652319.0,False,False,False,False
140,29pwoz2t,MrC_Red,28976,1537676451.0,True,False,False,True
141,aaqcsqyv,WallStreetDoesntBet,49981,1616507915.0,True,False,True,True
142,birnbk4o,Weekly-Wrangler2026,49,1630840541.0,True,False,False,False
143,c8554luv,xxxEroticGoddessxx,6,1621479545.0,True,False,True,False
144,7ulz3eg4,plantdrew3,1989,1598380195.0,True,False,False,False
145,cd27hib9,No_Zebra9342,1698,1622112641.0,True,False,False,False
146,iwojxoxo,lobester250,3665,1643367542.0,True,False,False,False
147,cbzsljn4,lemonsarenice27,179,1622963156.0,False,False,False,False
148,e1vprlp6,mungeek,104,1629545816.0,False,False,False,False
149,3hg7gmiv,Ash-the-puppy,5292,1553596342.0,True,False,False,False
150,m3pahihx,Squishandthings6,0,1650314569.0,True,False,False,False
151,h1wxxo1,HWood2004,738,1508124736.0,True,False,False,False
152,69m8ng1k,cakeman528,9420,1588296180.0,True,False,True,False
153,4j1s67iw,SandmanDreamsProds,25523,1585638709.0,True,False,True,False
154,9sugnnvc,lil_mgk,164,1610542703.0,True,False,False,False
155,2pjuffxa,EdicaranFauna,25866,1544171093.0,True,False,False,False
156,53g1kjqk,Waffle-Dude,9434,1574736812.0,True,False,False,False
157,co25xsq2,CrazyAd6493,-3,1623444144.0,True,False,False,False
158,895jx05,_fat_santa,27649,1500959384.0,True,False,False,True
159,m29tbex2,consieb04,0,1650231401.0,False,False,True,False
160,8kcpgutm,Floofhoodie,2167,1603253535.0,True,False,False,False
161,896t3cvp,Outside_Debt,1521,1601223139.0,True,False,False,False
162,428x3,Junior466,677,1274040177.0,True,False,False,False
163,13mvdu,a116jxb,18010,1481957292.0,True,False,False,False
164,1pd9ycaq,recce915,7092,1592185828.0,True,False,False,False
165,c5l0j6g7,naayeeon,2949,1646989181.0,True,False,False,False
166,12gbdz,AutoNewspaperAdmin,1,1477723408.0,True,False,True,False
167,19689zeq,u-copycat,0,1524691794.0,False,False,True,False
168,4iqjvtzd,plsbnice2me,91,1582040635.0,True,False,False,False
169,7z8ym6jm,asianj1m,16630,1599286161.0,True,False,True,True
170,4zx3xp0g,callmepinocchio,17106,1573502345.0,True,False,True,False
171,i5y5eyum,PeasKhichra,39369,1641111894.0,True,False,False,True
172,782fm51k,Thecoolersansandtom,2011,1594348120.0,True,False,True,False
173,if6q9uzy,Rylanordeserves69,10369,1641771460.0,False,False,False,False
174,g7ujjhuo,Shoddy-Particular-94,194,1636069799.0,True,False,False,False
175,575lju3r,zenn8080,746,1582659045.0,True,False,False,False
176,l64q56t7,Anovecinco,43,1648937279.0,False,False,False,False
177,1g6ft2d2,crytoloover,0,1527350246.0,True,False,True,False
178,kltopq2g,Strong-Design2297,78,1647046115.0,True,False,False,False
179,e5hmqg21,Failuretoasians,3,1631426488.0,True,False,False,False
180,e8079,WHYAREWEALLCAPS,112379,1386288085.0,True,False,True,False
181,4pkzatrb,Tenacious_Jey,602,1569991118.0,True,False,True,True
182,50s1d,tb21666,50190,1301266758.0,True,False,False,False
183,8lg2j,ZubKhanate,4589,1344385354.0,True,False,False,False
184,knlyd34v,Tricky-Anteater-3077,16,1647164871.0,False,False,True,False
185,5vy2ytne,AndyLight97,1155,1592877993.0,True,False,False,False
186,9lyt51q0,RMMULHOLLEM,1265,1616197959.0,True,False,False,False
187,mk8cq5g,rfitz405,236,1511980130.0,False,False,False,True
188,cbzsljn4,lemonsarenice27,181,1622963156.0,False,False,False,False
189,cg7c7817,wurrungmg,70,1622495413.0,False,False,False,False
190,7fqjnti6,Username52910,212,1602209271.0,True,False,True,False
191,7p4szofr,Raghnaah,742,1597408585.0,True,False,False,False
192,5sjxf,marelle90,1781,1315193040.0,True,False,False,False
193,9ovpmd7u,Substantial_Gur_8230,7380,1617491886.0,True,False,False,False
194,estvy,skiskate,146541,1389667182.0,True,False,True,True
195,8ny2b,cgmcnama,421120,1344937767.0,True,False,True,True
196,5vz8bv2g,pumpkinmum,2798,1638373026.0,True,False,False,False
197,76znlsum,Economy_Option_5558,0,1609287529.0,True,False,False,False
198,2c3y1k8m,sillychillly,4441,1556594360.0,True,False,True,True
199,7rgeutie,Transition_Nearby,-4,1597785612.0,True,False,False,False
200,16gyh1zk,stephy3494,90,1523482149.0,True,False,False,False
201,3iq31n5z,Maerialist,3663,1563403276.0,True,False,False,False
202,60iy8ji1,Zorincian,33,1631057355.0,True,False,False,False
203,dokagc0r,dripztro,0,1643680545.0,True,False,False,False
204,wlplt,jackflash223,20275,1458750218.0,True,False,True,False
205,elpp618r,Necromancers-ring,1414,1631919643.0,True,False,False,False
206,if6q9uzy,Rylanordeserves69,10369,1641771460.0,False,False,False,False
207,12ai48,IgnatiousBlackward,410,1477084555.0,True,False,False,False
208,1jt5rkvy,zeeow,3529,1528709655.0,True,False,False,False
209,eql4u,nomthecookie,3301,1389309801.0,True,False,True,False
210,1g1tgi62,hedawiqq,43,1532999514.0,True,False,False,False
211,2osciniu,hybridtheory1331,135714,1543468900.0,True,False,False,False
212,dvk3i7u4,ReidWH,1824,1628790075.0,True,False,True,False
213,6sklr,autotldr,3010770,1327941580.0,True,False,True,False
214,m3zy78is,LeniReputationEra,2,1650329669.0,False,False,False,False
215,estvy,skiskate,146547,1389667182.0,True,False,True,True
216,eidl1,zipzog,83842,1388005279.0,True,False,False,False
217,k0ea6byg,TheeSpongeDaddy,575,1645667099.0,True,False,False,False
218,alyyryq9,InterestingAd5191,4459,1614440798.0,True,False,True,False
219,6khp82u9,saiyansuniverse,1203,1609577016.0,True,False,False,False
220,fmbluxw7,starryeyeszxo,109,1634577795.0,False,False,False,False
221,597znahg,fabmario56,2444,1576726781.0,True,False,True,False
222,4g0s4ae5,Sergai_Blazin,166,1566712102.0,True,False,False,False
223,71e45tby,Snoo57039,1875,1593194099.0,True,False,False,False
224,l8grgw4y,SDbandito72,13,1648470846.0,True,False,False,False
225,1jt5rkvy,zeeow,3546,1528709655.0,True,False,False,False
226,3nrscdse,iamluciferscousin667,70316,1556179611.0,True,False,False,False
227,bf327jui,Defiant_Race_7544,11705,1617912042.0,True,False,True,True
228,dgqyk4ac,anuther_human,8,1626996190.0,True,False,False,False
229,3v0jrzlf,sha_clo,8437,1559237912.0,True,False,True,False
230,4dedtysg,westcoastcdn19,156088,1565832579.0,True,False,True,True
231,49kj810t,Witcher587,14526,1574545960.0,True,False,False,False
232,nxr9i,PDX_drifter,752,1433571472.0,False,False,True,False
233,6l4z3,AutoModerator,1000,1325741068.0,True,False,True,True
234,fk8dhydq,B-L-O-C-K-S,149502,1634437404.0,True,False,True,True
235,eidl1,zipzog,83842,1388005279.0,True,False,False,False
236,34rh86yz,Amphibious_Fire,122934,1549051812.0,True,False,False,False
237,h8x25ka8,niceeeman,1,1638714566.0,True,False,False,False
238,2ty1t,oliveskate,3654,1190858114.0,True,False,True,False
239,gr9bk4i,parothed28,4534,1508247747.0,True,False,False,False
240,4n92o76b,Randodoood,2168,1569192681.0,True,False,False,False
241,78dor34u,_Sideswipe_911_,1511,1594417011.0,True,False,True,False
242,6m6uq2vj,kevinw2345,1,1594538149.0,True,False,False,False
243,6n2yywdc,I_AM_YUGESH,16064,1591035635.0,True,False,False,False
244,j3gje,LemonDesu,53521,1414540403.0,True,False,False,True
245,5dvukzw0,randumchicken,5488,1578333634.0,False,False,False,False
246,5ppkja08,Danasara33,11170,1581990943.0,True,False,False,False
247,j9j6bxxc,alfonsobradshaw,0,1643769740.0,False,False,True,False
248,57hv5kaa,Letterhead-Either,376,1599309230.0,True,False,False,True
249,8nw4tmg1,weliveinthepast,892,1603928228.0,True,False,False,False
250,7kv82ty4,buttered_t0asties,7803,1596687717.0,True,False,True,False
251,13zcku,elbiderca,10093,1483081919.0,True,False,True,False
252,86c4dueh,Golden_TAG,2483,1600685496.0,True,False,False,False
253,k1owzsc4,Cr1ticalRatTheory,0,1645749506.0,True,False,False,False
254,2tym6gm0,iiDemonLord,22053,1545399334.0,True,False,True,False
255,e7ep4,misterdhm,9915,1386192978.0,True,False,False,False
256,4n92o76b,Randodoood,2168,1569192681.0,True,False,False,False
257,kjw84ghz,IBrokeTheBox,1663,1646931878.0,True,False,False,True
258,2j5lx6de,XOSkyXO,35266,1541246215.0,False,False,True,False
259,11hhai,YoanB,470,1474167621.0,True,False,False,False
260,lfp5ippg,alturn01,1,1649897078.0,False,False,False,False
261,t27vp,Turbostrider27,322190,1450482812.0,True,False,False,True
262,m44df6w6,Broad_Ad4355,0,1650336442.0,False,False,False,False
263,ax84moxd,MMMMagpie,441,1615803846.0,True,False,True,False
264,qis6cxp,shuvenker999,794,1519662323.0,True,False,False,False
265,b4zdjcxp,electric_pudding9,274,1620796019.0,True,False,False,False
266,kzo98aip,WNR567WNR,94,1647919323.0,True,False,False,False
267,a8b2t443,EndUpbeat,3202,1612744406.0,True,False,False,False
268,5ppkja08,Danasara33,11225,1581990943.0,True,False,False,False
269,85tz9mwp,IamPotato14,125317,1600586242.0,True,False,False,True
270,2t3xgsd2,spiceyTodd,1149,1545093883.0,True,False,False,False
271,330lm,Doomed,59059,1202257905.0,True,False,True,False
272,rckcdux,DinoDinoo93,4117,1515508175.0,True,False,True,False
273,lxde2hv0,HaaawPrick,874,1649932901.0,False,False,False,False
274,f9bk3yl,princeyG,1803,1510831875.0,False,False,False,False
275,dl0hefo8,bigrock13,7218,1627516521.0,True,False,False,False
276,1745mv,sparbie88,39,1492316416.0,True,False,False,False
277,aaqcsqyv,WallStreetDoesntBet,50017,1616507915.0,True,False,True,True
278,lec9cctz,Muted_Shelter4030,-62,1648816840.0,False,False,True,False
279,efpwcydu,Ibnero,0,1631212945.0,True,False,False,False
280,rckcdux,DinoDinoo93,4149,1515508175.0,True,False,True,False
281,jsnlnh9,Piratey_Pirate,99098,1509821727.0,True,False,True,False
282,fk8dhydq,B-L-O-C-K-S,149507,1634437404.0,True,False,True,True
283,86c4dueh,Golden_TAG,2484,1600685496.0,True,False,False,False
284,88tc70h3,Severe-Draw-5979,58559,1602870737.0,True,False,True,True
285,joy1x,RiotSucksEggs,29014,1417326376.0,True,False,False,False
286,he4ramat,tompainesbones,179,1639073409.0,True,False,False,False
287,3wict33,TH3_L1NEMAN123,1254,1503267910.0,True,False,False,False
288,dc9almmq,Clean_Pizza_7067,600,1626447274.0,True,False,False,False
289,631g2,kittytime,36559,1319146208.0,True,False,True,True
290,am1te,sd1272,1387,1360955381.0,True,False,False,True
291,7p43oxck,BRome1776,276,1598838251.0,False,False,False,False
292,2r0u5wz6,Z2eltn5,61,1544339185.0,False,False,False,False
293,fk8dhydq,B-L-O-C-K-S,149507,1634437404.0,True,False,True,True
294,lnexqpoa,luatbo,0,1649318118.0,True,False,True,False
295,9mmtf8tk,SillyShoe2,508,1622521999.0,True,False,False,False
296,kwc19erk,The_Meme_Teacher,14,1648940967.0,True,False,False,False
297,2lfu5818,puetzinboots,56,1542165866.0,True,False,False,False
298,ct5tja0h,TTV-MAD_MYCHAEL,4,1629822695.0,True,False,False,False
299,1vpogzkf,HRJafael,10613,1537851845.0,True,False,True,False
300,93llh4nd,jatin_vision,9,1607056974.0,True,False,True,False
301,6yrxva2l,cheerfulnoodle,12,1596031894.0,False,False,False,False
302,13mvdu,a116jxb,18010,1481957292.0,True,False,False,False
303,6dfq2flu,yeahright2005,235,1588520539.0,True,False,False,False
304,j87q9jap,joshfrasers,0,1643677488.0,False,False,True,False
305,pp662,superfutureman,15429,1440036222.0,False,False,False,False
306,9zjqj4sh,WilliamHenryBonney,2137,1611590460.0,True,False,False,False
307,ouv9crf,JLGoodwin1990,2727,1513680225.0,True,False,False,False
308,dbh8dskx,AnxiousIndicator,124610,1626350403.0,True,False,True,True
309,rckcdux,DinoDinoo93,4300,1515508175.0,True,False,True,False
310,su640,The_AV_Archivist,36369,1449771707.0,True,False,True,False
311,7mi010hq,davetowers646,103013,1611870178.0,True,False,False,False
312,i3xt1wqd,18831446,20,1640959967.0,True,False,True,False
313,awq2s7a0,redddexe,20,1615746690.0,True,False,False,False
314,czen9f7j,keoome,8,1624868404.0,True,False,True,False
315,9qwktnu1,Themusicison,17755,1613243008.0,True,False,False,False
316,5jzjt6xk,lamajs,483,1580303396.0,False,False,False,False
317,5lzorc9z,stagfollow,-1,1580912425.0,True,False,True,False
318,ctta2k51,DonGuillotine,5126,1624167903.0,True,False,False,False
319,fe5yfkzd,hellianish8,-100,1634029589.0,False,False,False,False
320,1fyqgr02,Dennis_Gachanja,4775,1527269092.0,True,False,True,False
321,nlipc,FourthEchelon19,20008,1432187330.0,True,False,False,False
322,vyvmw,YZXFILE,144445,1456797037.0,True,False,True,True
323,k5kk9,CroissantDildo,16917,1418866220.0,True,False,False,False
324,88tc70h3,Severe-Draw-5979,58646,1602870737.0,True,False,True,True
325,9xrr8amz,Ok_Source5790,0,1612962131.0,True,False,False,False
326,yqpkr,--BernieSanders--,4711,1465963855.0,True,False,True,False
327,cyv0w2hv,MisbehavingOP,141,1624802519.0,True,False,False,False
328,nqumub5,Will-Nye,342,1512883819.0,True,False,False,False
329,6y0xu8rv,Helpfulithink,5719,1592432088.0,True,False,False,False
330,5dvukzw0,randumchicken,5488,1578333634.0,False,False,False,False
331,5ztir2xu,Etogdetakoe,109,1584826437.0,True,False,True,False
332,eidl1,zipzog,83842,1388005279.0,True,False,False,True
333,14y03u,Nyhrox,673729,1485858455.0,True,False,True,True
334,bf3pw,Yazolight,1001,1366665854.0,True,False,False,False
335,bhk72x6k,Vipu_18,14,1631528009.0,True,False,False,False
336,631g2,kittytime,36596,1319146208.0,True,False,True,True
337,5ihmmmbw,novasupersport,36212,1580367923.0,True,False,False,False
338,7ulz3eg4,plantdrew3,1989,1598380195.0,True,False,False,False
339,6f14nxhj,Madessi,63,1601127924.0,True,False,False,False
340,g8v69tey,Useful_Efficiency_98,241,1636143668.0,True,False,False,False
341,zuh1rfd,CraftedArtisanQueefs,11065,1520167285.0,True,False,False,False
342,diylhuds,Sushighost0,352,1627267282.0,True,False,False,False
343,m49a3c2x,ragetank94,0,1650345664.0,True,False,False,False
344,c0ywu0db,TheBulbaBoy,6141,1620551235.0,True,False,False,False
345,jpzexjg8,Serpentshandmember,1152,1644933547.0,True,False,False,False
346,aumyw175,Odd-Style-3604,0,1615496113.0,True,False,False,False
347,hn0o06pu,teijinator2000,3029,1639695905.0,False,False,False,False
348,7jmdyf8z,OffKeyComics,649,1596494332.0,True,False,False,True
349,pp662,superfutureman,15429,1440036222.0,False,False,False,False
350,yftqt,mishas_magics_dices,130,1465009521.0,True,False,False,True
351,cd72jamz,alwanfilm,461,1622129373.0,True,False,True,False
352,dp7h161d,Typical_Painting_726,27,1640077677.0,True,False,False,False
353,5dj31nye,CurryFun,3950,1578217557.0,True,False,False,False
354,9nisa6no,Mount-Kushmore,1844,1609769393.0,True,False,False,False
0,ax84moxd,MMMMagpie,363,1615803846.0,True,False,True,False
1,2n3akzfm,mrsunshine5,15589,1553692497.0,False,False,False,False
2,eql4u,nomthecookie,3301,1389309801.0,True,False,True,False
3,9fbdd7z8,Bunny_Terror,6375,1608496742.0,True,False,True,False
4,2jkcuvwo,Victor-Reeds,14327,1541412210.0,True,False,False,False
5,5adwlxvn,MarvelsGrantMan136,340998,1593010930.0,True,False,True,True
6,rftch,MattZionWE,209,1445736374.0,True,False,True,False
7,2jkcuvwo,Victor-Reeds,14329,1541412210.0,True,False,False,False
8,djl6fngq,DisplayName556,2534,1627342377.0,True,False,False,False
9,34cl3,egeverything,7252,1207209833.0,True,False,False,False
10,2rug2qkm,superyacobe,579,1545801477.0,True,False,False,False
11,bf3c6lwo,Due-Percentage69,554,1617912845.0,True,False,True,True
12,1795dc,olanda2,733,1492716562.0,False,False,False,False
13,g7ujjhuo,Shoddy-Particular-94,192,1636069799.0,True,False,False,False
14,hp71cuao,Aztery,10413,1639865069.0,True,False,True,True
15,90td8j7j,Comic_Book_Reader,39161,1606226804.0,True,False,True,True
16,802y4f4z,Prisoner_240,1829,1599457118.0,True,False,False,False
17,ib3nx5jz,Planet0259-S,24104,1641482022.0,True,False,True,True
18,o9bpg,zfreakazoidz,50908,1434934074.0,True,False,False,False
19,4o8cjd9s,Arceemax,245,1600865378.0,True,False,False,False
20,9fbdd7z8,Bunny_Terror,6376,1608496742.0,True,False,True,False
21,5vz8bv2g,pumpkinmum,2427,1638373026.0,True,False,False,False
22,ini7ndeq,jbag60,0,1642361237.0,True,False,True,False
23,byc1i33e,Ok_Cream3086,1,1620241832.0,True,False,False,False
24,3frov9xt,deadstar420,97577,1552976593.0,True,False,False,False
25,74532qm0,Repulsive_Ad_1163,13455,1599700023.0,True,False,False,False
26,2g2sxfio,Sanslution,4694,1540046987.0,True,False,False,False
27,4lueadkn,notactuallyspork,981,1568712098.0,True,False,False,True
28,34rh86yz,Amphibious_Fire,122934,1549051812.0,True,False,False,False
29,h5mf9zxs,gothika69,946,1638467116.0,False,False,False,False
30,d29aq54h,GivingBooyaka,1351,1626182474.0,True,False,False,False
31,8t7fib0l,Scrapbonnie1983,100,1610560194.0,True,False,False,False
32,jfdb9ryh,Various_Brother9279,0,1644182050.0,True,False,False,False
33,lf1vngne,midnxight,1589,1648862741.0,True,False,False,False
34,4adsm8l8,bradyreid,277,1564871995.0,False,False,False,False
35,126lpw,Tablo213,343,1476690038.0,True,False,False,False
36,10jhqb,Cobra-D,68774,1471286151.0,True,False,False,False
37,1xqhmswa,therealAnkis,2040,1533644405.0,True,False,False,False
38,98uzstah,plsdontstalkmeee,4195,1607543862.0,True,False,False,False
39,a2g6g7uh,fed_smoker69420,64040,1612238355.0,True,False,True,True
40,9ppbm199,dia_kags,6700,1616101595.0,True,False,False,False
41,860vdh9q,ReysWrap,270,1600629320.0,True,False,False,False
42,jjcef,cvelz,211946,1416691959.0,True,False,True,True
43,3tsqqrqr,Chris-Powell,8533,1559787883.0,True,False,False,True
44,3cuur4h,BillyBrimstoned,74374,1496839170.0,True,False,False,False
45,5kxua50u,bigburgballer,2688,1611260260.0,True,False,True,False
46,7edne,sikucingjelek,2685,1333945594.0,True,False,False,True
47,auuu8yr1,GoatMuch,8,1640748467.0,True,False,True,False
48,j5pj6zq8,uTylerSmith,92,1643500979.0,True,False,True,False
49,gc9tt,Peeeeeps,18163,1398702582.0,True,False,False,False
50,d223qd39,Wooden-Actuary-7204,427,1625186396.0,True,False,False,False
51,2mzcegd6,SadeDash,8483,1542756720.0,False,False,True,False
52,5mvi3yde,Emperor2020,50,1581173042.0,True,False,False,False
53,38ccpr4o,rockeye44,339,1550272209.0,True,False,True,False
54,13mvdu,a116jxb,18010,1481957292.0,True,False,False,False
55,98qjde0,EpochPoc,5444,1501818734.0,True,False,False,False
56,7l2cw,worldnewsbot,0,1335669688.0,True,False,True,False
57,9ovpmd7u,Substantial_Gur_8230,7371,1617491886.0,True,False,False,False
58,13iul9,NavPot,9038,1481585975.0,True,False,False,False
59,5h0c715o,Willichops,1569,1579582680.0,True,False,False,False
60,4n4n5qyh,Gullible_Sharky,1197,1603558355.0,True,False,False,False
61,ib3nx5jz,Planet0259-S,24104,1641482022.0,True,False,True,True
62,41uzlqsa,throwingawaycabbage,696,1573057600.0,False,False,False,True
63,6dfq2flu,yeahright2005,235,1588520539.0,True,False,False,False
64,dwdmcdg8,TommyThaJobber,2311,1629322378.0,True,False,False,False
65,j3gje,LemonDesu,53467,1414540403.0,True,False,False,True
66,79lc1t9n,Pie-True,150,1594683650.0,True,False,False,False
67,ai6msj4x,Careful-Ad5602,318,1613968032.0,True,False,False,False
68,hjw6t,Capt_Logun,280,1406208146.0,True,False,True,False
0,4wug8aql,Coddles7,1927,1572481698.0,True,False,False,False
1,5xukmbp6,sarahreyn,1125,1584304931.0,True,False,False,False
2,12wr92wm,MrBeez83,952,1521774141.0,True,False,False,False
3,1h3vh0ki,jasmminne,22094,1527685927.0,True,False,False,False
4,l664ndh,JJ3434JJ,1641,1515222218.0,True,False,False,False
5,15v2ed,rjschwerin,42617,1488478202.0,True,False,True,False
6,b8j3t997,Lexi_The_G,29857,1617133060.0,True,False,True,False
7,8l31ga8p,Zealousideal_Neck244,5,1603397151.0,True,False,False,False
8,rd9a9,Carabevida,4,1445494079.0,True,False,False,False
9,10oehq,Scar3054,28,1471567141.0,True,False,False,False
10,bh55h13c,Jolly_Explanation_68,928,1641959624.0,False,False,False,False
11,7fyftuol,Thankless_ruler,5026,1611718093.0,True,False,False,False
12,lovs99p2,VersaceLauri,55,1649408849.0,True,False,False,False
13,yjxwa,KarlJay001,46920,1465383948.0,True,False,False,False
14,3xzimbyc,suresh2gm,-3,1560515762.0,True,False,True,False
15,gki6jmw7,ApprehensiveWaltz137,4,1636981804.0,True,False,False,False
16,7fyftuol,Thankless_ruler,5026,1611718093.0,True,False,False,False
17,dz9feycl,fourbat,2571,1629232872.0,True,False,False,False
18,ty097,bretsko,769,1453215092.0,True,False,True,False
19,5vz8bv2g,pumpkinmum,3151,1638373026.0,True,False,False,False
20,xon6n,ernandesjrss,2437,1462375214.0,True,False,False,False
21,1recipfb,jacw212,122747,1531428356.0,True,False,True,False
22,2zoaf0fp,marythenoodle,974,1548956835.0,False,False,False,True
23,m3kxaz7k,Tell_me_why-,2,1650308439.0,True,False,False,False
24,dn066,twinwindowfan,66116,1382646516.0,True,False,False,False
25,8qzfjwoa,SixteenTimesTheTodd,0,1604476589.0,False,False,False,False
26,e1z6vi9h,KAI_IS_FINE,5204,1629558781.0,False,False,True,False
27,5ewhzf41,Ralu61,5743,1578654551.0,False,False,False,False
28,cplrpw2a,JLSaw,0,1640730909.0,True,False,False,False
29,12w4y615,PenguinMexter,4631,1545778522.0,True,False,True,False
30,j0xfmi74,huskyhsd,236,1644996828.0,True,False,False,False
31,juqlk,NBAGuyUK,3861,1417913137.0,False,False,False,False
32,9r2ijrex,abhisahani,0,1616224091.0,True,False,True,False
33,hp71cuao,Aztery,10413,1639865069.0,True,False,True,True
34,aaqcsqyv,WallStreetDoesntBet,50071,1616507915.0,True,False,True,True
35,3s1co,mawkish,193088,1261104422.0,True,False,True,True
36,8b9lkxn1,Unknown5544,42,1601608057.0,True,False,False,False
37,9vmglaj2,Individual_Beach_935,0,1610979194.0,True,False,True,False
38,ajdjkwuj,therealestoftherealy,9939,1644695518.0,False,False,False,False
39,bf327jui,Defiant_Race_7544,11705,1617912042.0,True,False,True,True
40,nb4ev,puma_barca,12813,1430864505.0,False,False,False,True
41,janzgzc9,terrencefrost,0,1643849398.0,False,False,True,False
42,4tdpwjgd,Rredite,25405,1581840486.0,True,False,True,False
43,1oj6hk9m,TheB1gV,25,1558413007.0,True,False,False,False
44,8zc3sxx0,Nonchalant_Loss_,18,1605963933.0,True,False,False,False
45,7ulz3eg4,plantdrew3,1989,1598380195.0,True,False,False,False
46,7ulz3eg4,plantdrew3,1989,1598380195.0,True,False,False,False
47,1056ag,diceNslice,14884,1470386861.0,True,False,False,False
48,650zfwst,HomeKit-News,3307,1586181000.0,True,False,False,False
49,1g6ft2d2,crytoloover,0,1527350246.0,True,False,True,False
50,a7b5wu1c,JosieFrost0907,16,1614498859.0,False,False,False,False
51,kmp7iv3q,Downtown-Singer8523,0,1647105393.0,True,False,True,False
52,efbbdj6h,Josette_Sam,12,1631165410.0,False,False,False,False
53,lw1sy2r9,nofleshjustbones,15,1649869381.0,False,False,False,False
54,7sxh7nbm,strawberrypleco,1221,1598461918.0,True,False,False,False
55,2cyvh05s,ezidro3,141535,1538847757.0,True,False,True,False
56,c26mnqvq,_20721,3258,1620699155.0,False,False,True,False
57,ynb9c,Jarbus4,9577,1465681295.0,True,False,True,False
58,5td7meaa,StatisticianDecent30,10242,1612480403.0,True,False,False,True
59,a5b7tch7,Icy_stars,209,1622957311.0,False,False,False,False
60,kjxgw7er,WoodenTruth3508,0,1646932429.0,True,False,True,False
61,az0as00j,Textbook_Enigmatic,2877,1616008660.0,True,False,False,False
62,yftqt,mishas_magics_dices,130,1465009521.0,True,False,False,True
63,78al1sda,ReporterIndependent,10,1596180469.0,True,False,True,False
64,nlipc,FourthEchelon19,20008,1432187330.0,True,False,False,False
65,ed9lzz4d,code_hunter_cc,0,1633039406.0,True,False,True,False
66,cagkn2oy,FatFootballFan-772,1663,1621785168.0,True,False,False,False
67,zuh1rfd,CraftedArtisanQueefs,11065,1520167285.0,True,False,False,False
68,8kcpgutm,Floofhoodie,2167,1603253535.0,True,False,False,False
69,11hhai,YoanB,470,1474167621.0,True,False,False,False
70,bxm31tc7,YoussMa,3261,1621376245.0,False,False,False,False
71,2esb8756,Thrillseaker,139,1539534355.0,False,False,False,False
72,m3kxaz7k,Tell_me_why-,2,1650308439.0,True,False,False,False
73,8taatbpt,Mindless0ne,951,1608060302.0,True,False,True,False
74,koz0j3cp,Comissar-Sam,5325,1647254032.0,True,False,True,False
75,16e6uu,-en-,12647,1490154163.0,True,False,True,False
76,219q6psb,Frostiikin,1681,1535763016.0,True,False,False,False
77,7crd98rq,A_Crazed_Waggoneer,1879,1595304180.0,True,False,True,False
78,7q7srt1u,ExcuseMeWTF50,16828,1597554547.0,True,False,True,False
79,8wcichyl,BoiledKyabetsu,0,1641580262.0,True,False,False,False
80,3vtxo6a0,FookeyBookey,508,1559718315.0,True,False,False,False
81,ctta2k51,DonGuillotine,5126,1624167903.0,True,False,False,False
82,hjwns05j,arty_dj,0,1647170915.0,True,False,False,False
83,586ikll8,LowDownSlim,1058,1576370711.0,True,False,False,False
84,tc00yu4,lha1107,0,1518681300.0,True,False,True,False
85,83eg9pl2,Greenmark88,10757,1639695720.0,True,False,False,True
86,bu9hb6zl,Steeledgator,347,1620362580.0,True,False,False,False
87,i26lo1ze,censorshipropaganda,729,1648518932.0,True,False,False,False
88,9ut4px7n,TheRougaru,34,1610849010.0,True,False,True,False
89,if6q9uzy,Rylanordeserves69,10366,1641771460.0,False,False,False,False
90,8y5t6cl7,Nikefut12,4124,1622465636.0,True,False,False,False
91,54xvmyph,Repulsive_Reply_956,776,1612443231.0,True,False,True,True
92,jojndj8k,nicename-,1986,1644826807.0,True,False,False,True
93,98o61d4t,International_Ad1520,0,1607517001.0,True,False,False,False
94,drg3kri,CileShatsman,6179,1545336610.0,True,False,False,False
95,m4bnza16,Pretend-gangster,0,1650348746.0,False,False,False,False
96,hp71cuao,Aztery,10413,1639865069.0,True,False,True,True
97,gqsx1sji,Cute-Jacket9479,95,1637423007.0,True,False,False,False
98,19689zeq,u-copycat,0,1524691794.0,False,False,True,False
99,8kpim61i,Thenightbeckonsyou,745,1605330369.0,True,False,True,False
100,5y0x89ma,sen_zero,9,1617631400.0,True,False,False,False
0,azjcpr9,RudeParsley,30,1547593088.0,True,False,False,False
1,l5s0rhk,joarezpj,7236,1519695951.0,True,False,False,False
2,1sioxno7,happygamedev,10330,1563099979.0,True,False,False,False
3,je9k73go,picante-x,-2,1644621852.0,False,False,False,False
4,1cozduin,veiga617,81,1526085991.0,False,False,True,False
5,7apukpgx,Loud-Performer5049,34702,1594912456.0,True,False,False,False
6,egxv45dp,Dense-Ad-2385,39,1632743722.0,True,False,False,False
7,14hfde,CanadianGunner,63698,1484550308.0,False,False,True,False
8,s5owa,MoscaMye,59939,1447845038.0,True,False,True,False
9,5qowfswq,Frostdraken,17779,1582258367.0,True,False,True,False
10,krwqu9ok,hippity_hoppity_1,590,1647434159.0,True,False,False,False
11,ejvkpjfs,mr_fabulous_2006,88,1631706878.0,True,False,True,False
12,4w6mlg8d,yoyoyoghurt06,398,1572262687.0,True,False,False,False
13,8xv6vcun,merc_M_9856,16362,1605707911.0,True,False,True,True
14,clgl2jqo,BadKarma-18,4785,1638325003.0,True,False,False,False
15,7ouk1pmx,kebab69666,40675,1599336401.0,True,False,False,False
16,bxt9ze1h,BummedByUncle,-2,1621364144.0,True,False,False,False
17,1dkpj1se,Sup3rPotatoNinja,15160,1538328264.0,True,False,True,False
18,7gmjl,Phallenpheather,23741,1334504928.0,True,False,True,False
19,avoj82c6,Square-Enit,2260,1618933524.0,True,False,True,False
20,2hrfpdx,xLumpyPotato,434,1496055580.0,True,False,False,False
21,fn2f3gm5,Dami212,22,1634623346.0,False,False,False,False
22,cp3n7gsh,Visual-Tour-8995,4013,1623577280.0,True,False,True,False
23,brc3w,sylsau,146360,1369164178.0,True,False,True,True
24,cvu521xu,K1LLSW2TCH,185,1624417625.0,True,False,False,False
25,o8ydz,Adequately_Insane,8967,1434890169.0,True,False,True,False
26,g36do09r,Not-Excitement1883,6624,1637374119.0,True,False,False,False
27,60wvdc2o,RogueYautja,31669,1585097023.0,True,False,True,False
28,3hw0lp,kulikitaka,30395,1542908141.0,True,False,False,False
29,2v34ukp1,Marco3712,956,1548971397.0,True,False,False,False
30,4icvh23o,Ch1rag_,961,1567491662.0,True,False,True,False
31,el483uo7,kennedylovenbor,0,1631847320.0,False,False,True,False
32,az22wcqm,GodOfFireno1,40,1616278731.0,True,False,False,False
33,srpvn,KoiPanda,12542,1449577482.0,True,False,True,False
34,9wkbcx49,SherikaBrink,124,1611127173.0,False,False,True,False
35,jmvqq,haxborn,7797,1417079756.0,True,False,False,False
36,dwrza,heitorhath,104,1384416106.0,True,False,False,False
37,c4001rb5,pepo-pepito,733,1622486592.0,True,False,False,False
38,eiy38bpc,Longjumping-Bit-5004,0,1631592644.0,True,False,False,False
39,37px93tf,mildly-annoyed-pengu,9564,1559693934.0,True,False,True,False
40,85q296fx,No-Pizza-9423,14423,1600564449.0,True,False,True,False
41,9097iaft,Egy_Szekely,1717,1606125576.0,True,False,False,False
42,7qvlv8ev,Ferdinand82official,2095,1599092109.0,True,False,False,False
43,ic0y1oan,SilentSmile__,9882,1641546629.0,True,False,True,False
44,5ahfdxb,karateema,52859,1498571759.0,True,False,True,False
45,yj1q2,Gonzo_B,99688,1465303382.0,True,False,False,False
46,1sioxno7,happygamedev,10353,1563099979.0,True,False,False,False
47,4aygdxao,eiileenie,6262,1565064869.0,True,False,False,False
48,2xbzo1v0,Kwesi_Hopkins,16092,1546639808.0,True,False,False,False
49,i5y5eyum,PeasKhichra,39458,1641111894.0,True,False,False,True
50,947qs5hk,Appropriate-Ad8836,0,1606809303.0,True,False,False,False
51,14hfde,CanadianGunner,63709,1484550308.0,False,False,True,False
52,1crkqqbl,QuaintMushrooms,7681,1526319605.0,True,False,True,False
53,8dewi1ex,YuniquePawtrait,57,1649863749.0,True,False,False,False
54,m522159p,Nattyforlyfe,0,1650393692.0,False,False,False,False
55,z9p2qfa,Embry_The_Popplio,676,1519857985.0,True,False,False,False
56,1ljetk8,Internetismyfriend_,6361,1495249696.0,True,False,False,False
57,6prdjy15,Octotic,2220,1635025436.0,True,False,False,False
58,ss1ws,Cboquist,4699,1449602493.0,True,False,False,False
59,b4fldcbd,karmakactus,506,1633838427.0,False,False,False,False
60,m52g4clm,Maleficent_Effect364,0,1650393631.0,False,False,False,False
61,60wvdc2o,RogueYautja,31669,1585097023.0,True,False,True,False
62,dje55ed2,Getoff_My_Lon_Cheney,8368,1627321872.0,True,False,False,True
63,3mhgrcnm,NomakTheHunter,93,1555634244.0,True,False,False,False
64,189vzs8c,AccurateCoconut,579,1526175554.0,True,False,False,False
65,5qqha,tomyan112,738,1314513331.0,True,False,True,False
66,dkvttbmt,Background_Piece_312,219,1627502060.0,True,False,False,False
67,m4oevpmz,10kpromiszd,405,1650375286.0,False,False,False,False
68,ct5tja0h,TTV-MAD_MYCHAEL,4,1629822695.0,True,False,False,True
69,eq1sj8bv,Flaky-Touch-1034,0,1642647430.0,True,False,False,False
70,11k0sxl2,supligeN1,1068,1521114244.0,False,False,False,False
71,h88kxwzp,LiterateRockstar,2916,1638658339.0,True,False,False,False
72,izka4,cullenjk,5374,1413953607.0,True,False,False,False
73,cizenbm5,KimikoBean,8830,1622825259.0,True,False,False,False
74,k5fhl1fr,clavork,95,1645994044.0,False,False,False,False
75,5gynorh0,oven-toasted-owl,25527,1579381621.0,True,False,False,False
76,6eefjvif,TaylorLakhryst,1056,1592211771.0,True,False,True,False
77,2v34ukp1,Marco3712,950,1548971397.0,True,False,False,False
78,z4kro,AvatarMCThrowaway,46,1467253433.0,False,False,False,False
79,7yoe5xqr,Clear_Description862,8,1611891033.0,True,False,False,False
80,yyy9s69,iamaaronmullen,47163,1519688402.0,True,False,False,False
81,e19qa6ph,prixb,11265,1629471704.0,True,False,False,True
82,hkh5b1o4,Chuni_Wrath,1,1639513405.0,True,False,False,False
83,jfusygvz,lucahawkins,0,1644213750.0,False,False,True,False
84,58gay6gb,GothicGargoyle,11180,1576464023.0,True,False,False,False
85,5b1px5jk,ugbakchod,394,1577459276.0,True,False,True,False
86,1ilfl,gordonmcdowell,16712,1176816368.0,True,False,True,False
87,kk5dmug2,crosspostLove,2474,1646944338.0,True,False,False,False
88,6prdjy15,Octotic,2220,1635025436.0,True,False,False,False
89,ehhg7,_Minor_Annoyance,283073,1387827565.0,True,False,True,False
90,2rflvpc0,tony_toneeee,207,1544599297.0,True,False,False,False
91,3dk7c6gz,OrwellWasRight69,5387,1552154810.0,True,False,True,False
92,j9id4k0i,deaconmadden,0,1643768350.0,False,False,True,False
93,j7qlfxf3,OreFortuner,1,1643648652.0,True,False,False,False
94,4452bqc7,HowerTwo,95670,1562664626.0,True,False,True,False
95,m1sv4hob,zhantorexic,0,1650205579.0,True,False,False,False
96,cslh4cxe,Tangent_Virtual_Cars,845,1624008871.0,True,False,False,False
97,7p9cprt5,HankieHorker_32,7696,1597390735.0,True,False,False,False
98,2jxvimve,StabbyMcTaco517,432,1541562840.0,True,False,False,False
99,46emrsqg,KleinTsuboiOW,13671,1563401269.0,True,False,False,True
100,dd1dz,WantedDeadOrAlive,211,1380742104.0,True,False,False,False
101,2722don0,Crystalgamer04,1997,1536760689.0,True,False,True,True
102,cg26k37,Dilemaradio,9,1504753774.0,True,False,True,False
103,4rzev2x2,bmelton1982,6029,1584909047.0,True,False,True,True
104,1n7zxzbg,am_32,671,1529942967.0,True,False,False,False
105,2ajuga35,patakiciprian,1247,1537974591.0,True,False,False,False
106,m52ikkp9,mzcmnw,0,1650394079.0,True,False,False,False
107,kvmmpyrh,Large_Truth3587,1,1648838349.0,True,False,True,False
108,9qxd9691,Rd28T,36670,1610794989.0,True,False,False,False
109,jvwtp3s9,iEgeq,0,1647534482.0,True,False,True,False
110,fjtf7fp,djarnexus,7075,1506737697.0,True,False,False,False
111,746b0,adreamofhodor,87861,1331163144.0,True,False,True,True
112,57nezm9c,biglen998,2826,1637248897.0,True,False,False,False
113,339psxjx,BringInTheNews,82,1548553399.0,True,False,True,False
114,g802evuq,Apprehensive-Pop5863,126,1636080174.0,True,False,False,False
115,5v02cljq,Digibutter64,36002,1583486094.0,True,False,False,False
116,7lxisg24,Skilledfailure,5879,1614790601.0,True,False,False,False
117,enhk6,walt_whitmans_ghost,125529,1388864814.0,False,False,False,False
118,g7zolqoc,Impossible_Sky6273,289,1636079442.0,True,False,False,False
119,j6bqfu1l,_CookieM0nster_,2944,1645542405.0,True,False,False,False
120,7xglzvr5,thenameisjankins,17,1598938453.0,False,False,False,False
121,6m1txfqu,RepresentativeDay165,23,1600024267.0,True,False,False,False
122,4zopdfqv,EchoCham,2007,1573424386.0,True,False,False,False
123,um8gl,Troubleshooter5000,117,1455110814.0,True,False,False,False
124,4xjsesav,Rthomason11,131,1572730644.0,True,False,False,False
125,95us409k,Transeuropeanian,42721,1607076261.0,True,False,False,False
126,8fn9cxnp,catsareassholess,54,1602422521.0,True,False,False,False
127,134sb9,thekhanagain,1589,1480282177.0,True,False,True,False
128,gsol3,HammyFresh,155765,1401579209.0,True,False,True,False
129,1w40g6e8,SotakuKun,868,1533050572.0,True,False,False,False
130,3t7cn76q,rebordacao,4259,1602337259.0,True,False,False,True
131,yyr2c,flojopickles,5934,1466718918.0,True,False,True,False
132,94k60h1h,Zealousideal_Door303,388,1606868428.0,True,False,False,False
133,136291,Lightingfast31,221443,1480390900.0,True,False,False,False
134,ddbq5nxf,Empty_Respond_4949,17674,1626583049.0,True,False,False,False
135,qhzlz,esaesko,13018,1442388687.0,True,False,False,False
136,ha88qld6,Extra-Payment1877,5,1638807229.0,True,False,False,False
137,4gcj70lr,spoopydoopyjoopy,1340,1571343162.0,True,False,False,False
138,9vmglaj2,Individual_Beach_935,0,1610979194.0,True,False,True,False
139,f7v33u2x,GwyneddCouncil,8762,1633725051.0,False,False,False,True
140,4a4q0r0h,lukebenoit_,8097,1564677504.0,True,False,False,False
141,dxo8phag,aksklalala,0,1629052929.0,False,False,False,False
142,2yg5b7dm,Nano107,2830,1547025438.0,True,False,False,False
143,1crkqqbl,QuaintMushrooms,7681,1526319605.0,True,False,True,False
144,1zu5hxs9,WarForRedditorry,12954,1534391665.0,True,False,False,False
145,ejvkpjfs,mr_fabulous_2006,88,1631706878.0,True,False,True,False
146,44q9uhhi,Zelios247,440,1579731808.0,True,False,False,False
147,5taz4,JayHairston,9127,1315439609.0,True,False,True,False
148,m543h2nh,ZestycloseTea9301,0,1650396111.0,True,False,False,False
149,14hfde,CanadianGunner,63722,1484550308.0,False,False,True,False
150,9jpc25f3,Aggressive-Green4592,19778,1609206740.0,True,False,False,False
151,lr6l8vah,M_A_AP_bot,1,1649553301.0,True,False,True,False
152,9qr2q4pl,Shtoinkity_shtoink,22789,1610221620.0,True,False,True,False
153,8yeelv8k,DarkCatacombs22,7545,1605802213.0,True,False,True,False
154,6lu4jl9m,GetOverItBroDude,3275,1590715174.0,True,False,False,False
155,873h4pfq,Specialist_Friend240,889,1600824316.0,True,False,False,False
156,j39t08ck,Defiant_Ruler5326,7227,1643322130.0,True,False,False,True
157,7sehm9hz,Accomplished_Side999,6378,1597963837.0,True,False,True,False
158,5fr1t,Hobo-With-A-Shotgun,41473,1309236476.0,True,False,False,False
159,7lmgjcet,PrettyCoolTim,4287,1596808201.0,True,False,False,True
160,960d8,ImaMartian08,2502,1348983029.0,True,False,False,False
161,id8kyt4b,Gideon4minpres2025,5345,1641631773.0,True,False,True,False
162,2i8k4bh5,EdNotAHorse,6397,1540880936.0,True,False,False,True
163,7p9cprt5,HankieHorker_32,7968,1597390735.0,True,False,False,False
164,1sioxno7,happygamedev,10475,1563099979.0,True,False,False,False
165,1crkqqbl,QuaintMushrooms,7681,1526319605.0,True,False,True,False
166,60phzc0e,FuntimeSpringy,1446,1606758627.0,True,False,False,False
167,bh181i5z,LettersOnRoad,0,1618151118.0,True,False,False,False
168,4xjsesav,Rthomason11,131,1572730644.0,True,False,False,False
169,isn2q,hooleyoh,2644,1412963772.0,True,False,True,True
170,dtfd6t03,bosslollo,2785,1628531747.0,True,False,True,False
171,9cl0t,hoosakiwi,424768,1350622717.0,True,False,True,True
172,k2nghre0,fine_british_cuisin,13,1646957199.0,False,False,False,False
173,azpn0zq1,NeighborhoodNo9044,0,1616310967.0,True,False,False,False
174,83omkigx,hello_human69,23739,1613707248.0,True,False,True,False
175,4ddhtceu,Thieven1,1641,1629438005.0,True,False,False,False
176,1jmchacc,Wallybee10011,4570,1528636848.0,True,False,False,False
177,4qb6uvb0,SkyKingIkki,487,1571678072.0,True,False,False,False
178,lrpdm64y,Background_Nose_5794,2,1649590876.0,True,False,False,False
179,6z1cs,yesh222,19622,1329761029.0,True,False,True,False
180,c1e0v,BurtonDesque,177849,1371230347.0,True,False,True,True
181,7bamuh8u,liban16,5659,1596911515.0,True,False,False,False
182,fjtf7fp,djarnexus,7127,1506737697.0,True,False,False,False
183,9vcp7uaq,Express-Interview-94,1,1610933725.0,True,False,False,False
184,ea22wut3,Kushnerdz,16408,1632954518.0,True,False,False,False
185,hjtlcuwz,Essayguru1759,67,1639466647.0,True,False,True,False
186,3ckpsp26,chocolategurrl,15,1551779333.0,False,False,False,False
187,2htcqsxq,jai-phi,3313,1540727135.0,True,False,False,False
188,a6ry2a,UntilTheEnd1992,-1,1512241339.0,True,False,False,False
189,fes790d1,Acceptable_Block6706,192,1647045705.0,False,False,False,False
190,mx5kf,jlu624,19,1429073949.0,True,False,False,False
191,kwwmyto1,Grand-Construction96,4,1647746337.0,True,False,False,False
192,8xi6pi0s,Best_Adhesiveness674,1,1605639589.0,True,False,False,False
193,bp2yf,PaddyTakes,13247,1368687996.0,True,False,False,False
194,5gynorh0,oven-toasted-owl,25552,1579381621.0,True,False,False,False
195,7krxj,Thund3rbolt,84806,1335579046.0,True,False,True,True
196,a2xz635b,Glum_Suggestion3452,0,1612044376.0,True,False,False,False
197,13wr8g,MetagrossMaster,16514,1482877186.0,True,False,False,False
198,igegcm1w,thatguy1934,127,1641942216.0,True,False,False,False
199,d4688zs9,alice_kitten_,43,1631380578.0,True,False,False,False
200,5xldcekx,twitchkeen,488,1584232028.0,True,False,False,False
